,Year,Bee Count
0,2002,2544887.683200579
1,2007,2917015.4815351195
2,2012,3167740.5463432297
